[
  {
    "legajo": 150557,
    "nombre": "ARCENTALES ALLCCAHUAMAN, Alberto",
    "mail": "arcentales.allccahuaman.alberto@inspt.utn.edu.ar",
    "condicion": "Inscripto"
  },
  {
    "legajo": 151117,
    "nombre": "ARGAÑARAS, Lautaro Dante",
    "mail": "argañaras.lautaro.dante@inspt.utn.edu.ar",
    "condicion": "Inscripto"
  },
  {
    "legajo": 150526,
    "nombre": "CASTILLO, Nicolás Alberto",
    "mail": "castillo.nicolás.alberto@inspt.utn.edu.ar",
    "condicion": "Inscripto"
  },
  {
    "legajo": 152378,
    "nombre": "CONSORTI, Gonzalo Nicolas",
    "mail": "consorti.gonzalo.nicolas@inspt.utn.edu.ar",
    "condicion": "Inscripto"
  },
  {
    "legajo": 151600,
    "nombre": "DEL RIO, Nestor Andrés",
    "mail": "del.rio.nestor.andrés@inspt.utn.edu.ar",
    "condicion": "Inscripto"
  },
  {
    "legajo": 32024,
    "nombre": "EGEL, Ignacio Werner",
    "mail": "egel.ignacio.werner@inspt.utn.edu.ar",
    "condicion": "Inscripto"
  },
  {
    "legajo": 29538,
    "nombre": "ENRIQUEZ, Federico Nahuel",
    "mail": "enriquez.federico.nahuel@inspt.utn.edu.ar",
    "condicion": "Inscripto"
  },
  {
    "legajo": 153439,
    "nombre": "IRUSTA, Uriel Elías",
    "mail": "irusta.uriel.elías@inspt.utn.edu.ar",
    "condicion": "Inscripto"
  },
  {
    "legajo": 151985,
    "nombre": "KRULL, Werner Alejandro",
    "mail": "krull.werner.alejandro@inspt.utn.edu.ar",
    "condicion": "Inscripto"
  },
  {
    "legajo": 32522,
    "nombre": "MELNIKOV, ALEXANDR",
    "mail": "melnikov.alexandr@inspt.utn.edu.ar",
    "condicion": "Libre"
  },
  {
    "legajo": 152863,
    "nombre": "MEMOLI, Darío Roberto",
    "mail": "memoli.darío.roberto@inspt.utn.edu.ar",
    "condicion": "Inscripto"
  },
  {
    "legajo": 150528,
    "nombre": "NERY, Fabio Damián",
    "mail": "nery.fabio.damián@inspt.utn.edu.ar",
    "condicion": "Inscripto"
  },
  {
    "legajo": 152879,
    "nombre": "PAZ, Carla Lorena",
    "mail": "paz.carla.lorena@inspt.utn.edu.ar",
    "condicion": "Inscripto"
  },
  {
    "legajo": 25185,
    "nombre": "PERALTA, Carla Andrea",
    "mail": "peralta.carla.andrea@inspt.utn.edu.ar",
    "condicion": "Inscripto"
  },
  {
    "legajo": 26450,
    "nombre": "PUCA, Antonia",
    "mail": "puca.antonia@inspt.utn.edu.ar",
    "condicion": "Libre"
  },
  {
    "legajo": 152742,
    "nombre": "REYNA CAMPOS, Luis Eduardo",
    "mail": "reyna.campos.luis.eduardo@inspt.utn.edu.ar",
    "condicion": "Inscripto"
  },
  {
    "legajo": 25340,
    "nombre": "RUIZ DIA, Sergio Omar",
    "mail": "ruiz.dia.sergio.omar@inspt.utn.edu.ar",
    "condicion": "Libre"
  },
  {
    "legajo": 153039,
    "nombre": "SAYAL, Miguel Yamil",
    "mail": "sayal.miguel.yamil@inspt.utn.edu.ar",
    "condicion": "Inscripto"
  },
  {
    "legajo": 151532,
    "nombre": "STELLA, Facundo Carlos",
    "mail": "stella.facundo.carlos@inspt.utn.edu.ar",
    "condicion": "Inscripto"
  },
  {
    "legajo": 153550,
    "nombre": "TORRES, Fredy Leonel",
    "mail": "torres.fredy.leonel@inspt.utn.edu.ar",
    "condicion": "Inscripto"
  },
  {
    "legajo": 153341,
    "nombre": "TORRES, Javier Emmanuel",
    "mail": "torres.javier.emmanuel@inspt.utn.edu.ar",
    "condicion": "Inscripto"
  },
  {
    "legajo": 153417,
    "nombre": "VIZGARRA, Jonathan Ezequiel",
    "mail": "vizgarra.jonathan.ezequiel@inspt.utn.edu.ar",
    "condicion": "Inscripto"
  }
]
